{
  "current": "editor",
  "presets": {
    "editor": {
      "colors_solid_button_labels": "#FFFFFF",
      "colors_accent_1": "#121212",
      "colors_text": "#121212",
      "colors_outline_button_labels": "#121212",
      "colors_background_1": "#FFFFFF",
      "gradient_background_1": "#FFFFFF",
      "page_width": "1350",
      "body_bg_image": "",
      "bg_img_position": "top center",
      "bg_img_repeat": 0,
      "type_header_font": {
        "font_id": 79,
        "name": "Assistant",
        "title": "Assistant",
        "font_family": "Assistant",
        "category": "sans-serif",
        "variant": "regular",
        "variant_file": "https://fonts.gstatic.com/s/assistant/v8/2sDPZGJYnIjSi6H75xkZZE1I0yCmYzzQtuZnEGGf3qGuvM4.ttf"
      },
      "type_body_font": {
        "font_id": 79,
        "name": "Assistant",
        "title": "Assistant",
        "font_family": "Assistant",
        "category": "sans-serif",
        "variant": "regular",
        "variant_file": "https://fonts.gstatic.com/s/assistant/v8/2sDPZGJYnIjSi6H75xkZZE1I0yCmYzzQtuZnEGGf3qGuvM4.ttf"
      },
      "body_font_style": "normal",
      "body_font_weight": "400",
      "header_font_style": "normal",
      "header_font_weight": "500",
      "logo_img": "https://cdn.store-assets.com/s/911326/f/8336746.png",
      "logo_width": 100,
      "favicon_img": "https://cdn.store-assets.com/s/219581/f/8344860.png",
      "meta_img": "",
      "use_original_image": 0,
      "product_img_res": "grande",
      "sections": {
        "header": {
          "type": "header",
          "settings": {
            "logo": "https://cdn.store-assets.com/s/911326/f/8336746.png",
            "align_logo": "middle-left",
            "logo_max_width": 120,
            "main_linklist": "main-menu",
            "message": 0,
            "home_page_only": true,
            "message_text": "Announce something here",
            "message_link": "",
            "color_bg": "#FFFFFF",
            "color_text": "#000000",
            "enable_sticky_header": true
          }
        },
        "featured-collection": {
          "type": "featured-collection",
          "settings": {
            "title": "",
            "collection__id": null,
            "products_per_row": 4,
            "products_to_show": 8,
            "show_view_all": true,
            "swipe_on_mobile": true,
            "show_secondary_image": true
          }
        },
        "main-cart-featured-collection": {
          "type": "main-cart-featured-collection",
          "settings": {
            "title": "",
            "collection__id": "feature-on-homepage",
            "products_per_row": 4,
            "products_to_show": 4,
            "show_view_all": true,
            "swipe_on_mobile": true,
            "show_secondary_image": true
          }
        },
        "main-collection": {
          "type": "main-collection",
          "settings": {
            "products_per_row": 4,
            "show_secondary_image": true
          }
        },
        "main-product": {
          "type": "main-product",
          "settings": {
            "variant_options_display": "radio"
          }
        },
        "rich-text": {
          "type": "rich-text",
          "blocks": {
            "heading": {
              "type": "heading",
              "settings": {
                "heading": "Best Food Stories to Life",
                "heading_size": "h1"
              }
            },
            "text": {
              "type": "text",
              "settings": {
                "text": "Lorem ipsum dolor sit amet, consectetur adipiscing elit, sed do eiusmod tempor incididunt ut labore et dolore magna aliqua. Sit amet dictum sit amet."
              }
            }
          },
          "blocks_order": [
            "heading",
            "text"
          ],
          "settings": {
            "color_scheme": "background-1",
            "full_width": true
          }
        },
        "image-banner": {
          "type": "image-banner",
          "blocks": {
            "heading": {
              "type": "heading",
              "settings": {
                "heading": "Food with a smile",
                "heading_size": "medium"
              }
            },
            "button": {
              "type": "buttons",
              "settings": {
                "button_label_1": "Shop all",
                "button_link_1": "/collections/all",
                "button_style_secondary_1": true,
                "button_label_2": "",
                "button_link_2": "",
                "button_style_secondary_2": false
              }
            },
            "image-banner-d0z8ni95eon-r6t0m2d": {
              "type": "text",
              "settings": {
                "text": "Eat good, do good."
              }
            }
          },
          "blocks_order": [
            "image-banner-d0z8ni95eon-r6t0m2d",
            "heading",
            "button"
          ],
          "settings": {
            "image": "https://cdn.store-assets.com/s/911326/f/8336749.jpeg",
            "image_2": "https://cdn.store-assets.com/s/911326/f/8336750.jpeg",
            "adapt_height_first_image": false,
            "desktop_text_box_position": "flex-end",
            "show_text_box": 0,
            "image_overlay_opacity": 20,
            "color_scheme": "background-1",
            "stack_images_on_mobile": false,
            "show_text_below": 0
          }
        },
        "video": {
          "type": "video",
          "settings": {
            "heading": "",
            "cover_image": "https://cdn.store-assets.com/s/911326/f/8336848.png",
            "video_url": "https://youtu.be/3Bn4wCo6YMY",
            "description": "",
            "full_width": true
          }
        },
        "multicolumn": {
          "type": "multicolumn",
          "blocks": {
            "column1": {
              "type": "column",
              "settings": {
                "image": "https://cdn.store-assets.com/s/911326/i/40549176.jpg",
                "title": "Healthy",
                "text": "Pair text with an image to focus on your chosen product, collection, or blog post. Add details on availability, style, or even provide a review.",
                "link_text": "Read more",
                "link_url": "/products/smoked-salmon-"
              }
            },
            "column2": {
              "type": "column",
              "settings": {
                "image": "https://cdn.store-assets.com/s/911326/i/40549337.jpg",
                "title": "Sweetheart",
                "text": "Pair text with an image to focus on your chosen product, collection, or blog post. Add details on availability, style, or even provide a review."
              }
            },
            "column3": {
              "type": "column",
              "settings": {
                "image": "https://cdn.store-assets.com/s/911326/i/40549230.jpg",
                "title": "Red Lover",
                "text": "Pair text with an image to focus on your chosen product, collection, or blog post. Add details on availability, style, or even provide a review."
              }
            }
          },
          "blocks_order": [
            "column1",
            "column2",
            "column3"
          ],
          "settings": {
            "title": "Recommended",
            "image_width": "full",
            "image_ratio": "square",
            "column_alignment": "left",
            "background_style": "primary",
            "button_label": "View all",
            "button_link": "/collections/all",
            "swipe_on_mobile": true
          }
        },
        "footer": {
          "type": "footer",
          "blocks": {
            "footer-0": {
              "type": "quick_link",
              "settings": {
                "title": "Quick links"
              }
            },
            "footer-1": {
              "type": "about_us",
              "settings": {
                "title": "Our mission",
                "text": "Quality materials, good designs, craftsmanship and sustainability.",
                "twitter": "https://twitter.com/",
                "facebook": "https://facebook.com/",
                "instagram": "https://instagram.com/",
                "tiktok": "https://tiktok.com/",
                "whatsapp": "https://whatsapp.com/",
                "line": "https://line.com/",
                "wechat": "https://wechat.com/",
                "youtube": "https://youtube.com/"
              }
            }
          },
          "blocks_order": [
            "footer-0",
            "footer-1"
          ],
          "settings": {
            "show_payment_method": 0,
            "show_visa_icon": true,
            "show_master_icon": true,
            "show_amex_icon": true,
            "show_paypal_icon": true,
            "show_diners_icon": true,
            "show_discover_icon": true,
            "color_footer_background": "#FFFFFF",
            "color_footer_heading_text": "#000000",
            "color_footer_body_text": "#484848"
          }
        },
        "1647658093573": {
          "settings": {
            "title": "Menu",
            "grid": 4,
            "products_to_show": 8,
            "swipe_on_mobile": true
          },
          "type": "collection-list",
          "blocks_order": [
            "1647658093573-0",
            "1647658093573-1"
          ],
          "blocks": {
            "1647658093573-0": {
              "type": "featured_collection",
              "settings": {
                "collection__id": null
              }
            },
            "1647658093573-1": {
              "type": "featured_collection",
              "settings": {
                "collection__id": null
              }
            }
          }
        }
      },
      "content_for_index": [
        "image-banner",
        "rich-text",
        "featured-collection",
        "video",
        "1647658093573",
        "multicolumn"
      ]
    }
  }
}
